requirement_id,parent_id,requirement,authoritative_source,source_ref,implementation_paths,test_paths,verification_command,proof_artifacts,proof_head_sha,evidence_status,task_status,notes
CDB013,CDB013,Create Rust workspace skeleton and make cargo metadata succeed,execution/TASK_GRAPH.csv,CDB013,Cargo.toml;crates/codedb/Cargo.toml;crates/codedb_build_capture/Cargo.toml;crates/codedb_cargo/Cargo.toml;crates/codedb_context/Cargo.toml;crates/codedb_core/Cargo.toml;crates/codedb_fixtures/Cargo.toml;crates/codedb_mcp/Cargo.toml;crates/codedb_rust_static/Cargo.toml;crates/codedb_store_pg/Cargo.toml;crates/codedb_store_redb/Cargo.toml;crates/nu_plugin_codedb/Cargo.toml,tests/test_workspace_manifest.py,python3 -m unittest tests.test_workspace_manifest && cargo metadata --format-version 1 --no-deps,stdout:cdb013-stdout;stderr:cdb013-stderr;file:cdb013-workspace-manifest:repository:Cargo.toml,,verified,complete,Three direct workspace mutation/contract tests and cargo metadata prove the exact eleven-member workspace.
CDB014,CDB014,Implement codedb-core schemas and pass unit tests,execution/TASK_GRAPH.csv,CDB014,crates/codedb_core/**,crates/codedb_core/**,cargo test -p codedb-core,stdout:cdb014-stdout;stderr:cdb014-stderr,,verified,complete,"Schema-4 detached proof executes the exact verification command and binds its typed evidence to the current FlexNetOS/nu_plugin commit, tree, ledger, and validator identities."
CDB015,CDB015,Implement redb store initialization and metadata,execution/TASK_GRAPH.csv,CDB015,crates/codedb_store_redb/**,crates/codedb_store_redb/**,cargo test -p codedb-store-redb,stdout:cdb015-stdout;stderr:cdb015-stderr,,verified,complete,"Schema-4 detached proof executes the exact verification command and binds its typed evidence to the current FlexNetOS/nu_plugin commit, tree, ledger, and validator identities."
CDB016,CDB016,Implement redb schema version locks backup and restore,execution/TASK_GRAPH.csv,CDB016,crates/codedb_store_redb/**,crates/codedb_store_redb/**,cargo test -p codedb-store-redb,stdout:cdb016-stdout;stderr:cdb016-stderr,,verified,complete,"Schema-4 detached proof executes the exact verification command and binds its typed evidence to the current FlexNetOS/nu_plugin commit, tree, ledger, and validator identities."
CDB017,CDB017,Implement deterministic filesystem scanner rows,execution/TASK_GRAPH.csv,CDB017,crates/codedb_core/**,crates/codedb_core/**,cargo test -p codedb-core,stdout:cdb017-stdout;stderr:cdb017-stderr,,verified,complete,"Schema-4 detached proof executes the exact verification command and binds its typed evidence to the current FlexNetOS/nu_plugin commit, tree, ledger, and validator identities."
CDB018,CDB018,Implement exact source metadata and blob policy with secret safety,execution/TASK_GRAPH.csv,CDB018,crates/codedb_core/**,crates/codedb_core/**,cargo test -p codedb-core,stdout:cdb018-stdout;stderr:cdb018-stderr,,verified,complete,"Schema-4 detached proof executes the exact verification command and binds its typed evidence to the current FlexNetOS/nu_plugin commit, tree, ledger, and validator identities."
CDB019,CDB019,Implement Cargo metadata capture,execution/TASK_GRAPH.csv,CDB019,crates/codedb_cargo/**,crates/codedb_cargo/**,cargo test -p codedb-cargo,stdout:cdb019-stdout;stderr:cdb019-stderr,,verified,complete,"Schema-4 detached proof executes the exact verification command and binds its typed evidence to the current FlexNetOS/nu_plugin commit, tree, ledger, and validator identities."
CDB020,CDB020,Implement Cargo registry git and path source provenance,execution/TASK_GRAPH.csv,CDB020,crates/codedb_cargo/**,crates/codedb_cargo/**,cargo test -p codedb-cargo,stdout:cdb020-stdout;stderr:cdb020-stderr,,verified,complete,"Schema-4 detached proof executes the exact verification command and binds its typed evidence to the current FlexNetOS/nu_plugin commit, tree, ledger, and validator identities."
CDB021,CDB021,Implement deterministic cfg feature target and toolchain context,execution/TASK_GRAPH.csv,CDB021,crates/codedb_cargo/**;crates/codedb_core/**,crates/codedb_cargo/**,cargo test -p codedb-cargo -p codedb-core,stdout:cdb021-stdout;stderr:cdb021-stderr,,verified,complete,"Schema-4 detached proof executes the exact verification command and binds its typed evidence to the current FlexNetOS/nu_plugin commit, tree, ledger, and validator identities."
CDB022,CDB022,Implement static Rust item inventory,execution/TASK_GRAPH.csv,CDB022,crates/codedb_rust_static/**,crates/codedb_rust_static/**,cargo test -p codedb-rust-static,stdout:cdb022-stdout;stderr:cdb022-stderr,,verified,complete,"Schema-4 detached proof executes the exact verification command and binds its typed evidence to the current FlexNetOS/nu_plugin commit, tree, ledger, and validator identities."
CDB023,CDB023,Implement macro_rules static inventory without semantic overclaim,execution/TASK_GRAPH.csv,CDB023,crates/codedb_rust_static/**;fixtures/macro_rules/**,crates/codedb_rust_static/**,cargo test -p codedb-rust-static,stdout:cdb023-stdout;stderr:cdb023-stderr,,verified,complete,Static coverage is not compiler-observed completion
CDB024,CDB024,Implement proc-macro static detection and explicit unresolved facts,execution/TASK_GRAPH.csv,CDB024,crates/codedb_rust_static/**;fixtures/proc_macro/**,crates/codedb_rust_static/**,cargo test -p codedb-rust-static,stdout:cdb024-stdout;stderr:cdb024-stderr,,verified,complete,Static coverage is not executed proc-macro proof
CDB025,CDB025,Implement build.rs static detection and explicit unresolved facts,execution/TASK_GRAPH.csv,CDB025,crates/codedb_rust_static/**;fixtures/build_script/**,crates/codedb_rust_static/**,cargo test -p codedb-rust-static,stdout:cdb025-stdout;stderr:cdb025-stderr,,verified,complete,Static coverage is not executed build-script proof
CDB026,CDB026,Implement static include and path edge detection,execution/TASK_GRAPH.csv,CDB026,crates/codedb_rust_static/**,crates/codedb_rust_static/**,cargo test -p codedb-rust-static,stdout:cdb026-stdout;stderr:cdb026-stderr,,verified,complete,"Schema-4 detached proof executes the exact verification command and binds its typed evidence to the current FlexNetOS/nu_plugin commit, tree, ledger, and validator identities."
CDB027,CDB027,Implement native and linker static rows without dynamic overclaim,execution/TASK_GRAPH.csv,CDB027,crates/codedb_rust_static/**,crates/codedb_rust_static/**,cargo test -p codedb-rust-static,stdout:cdb027-stdout;stderr:cdb027-stderr,,verified,complete,Static coverage is not approved dynamic native-link proof
CDB028,CDB028,Implement clean and dirty repository no-mutation proof,execution/TASK_GRAPH.csv,CDB028,crates/codedb_core/**;tests/test_no_mutation.nu,tests/test_no_mutation.nu,nu --no-config-file tests/test_no_mutation.nu,stdout:cdb028-stdout;stderr:cdb028-stderr,,verified,complete,"Schema-4 detached proof executes the exact verification command and binds its typed evidence to the current FlexNetOS/nu_plugin commit, tree, ledger, and validator identities."
CDB029,CDB029,Implement codedb scan export and schema CLI with JSON NUON and CSV,execution/TASK_GRAPH.csv,CDB029,crates/codedb/**,crates/codedb/**,cargo test -p codedb,stdout:cdb029-stdout;stderr:cdb029-stderr,,verified,complete,"Schema-4 detached proof executes the exact verification command and binds its typed evidence to the current FlexNetOS/nu_plugin commit, tree, ledger, and validator identities."
CDB030,CDB030,Implement Nushell plugin commands and table-shaped smoke proof,execution/TASK_GRAPH.csv,CDB030,crates/nu_plugin_codedb/**,tests/test_transient_plugin.nu,nu --no-config-file tests/test_transient_plugin.nu,stdout:cdb030-stdout;stderr:cdb030-stderr,,verified,complete,Current-head transient Nushell plugin proof returns table-shaped output
CDB031,CDB031,Implement doctor checks for Nu Yazelix and Codex,execution/TASK_GRAPH.csv,CDB031,crates/codedb/**,crates/codedb/**,cargo test -p codedb,stdout:cdb031-stdout;stderr:cdb031-stderr,,verified,complete,"Schema-4 detached proof executes the exact verification command and binds its typed evidence to the current FlexNetOS/nu_plugin commit, tree, ledger, and validator identities."
CDB032,CDB032,Implement bounded read-only MCP page limit and source guards,execution/TASK_GRAPH.csv,CDB032,crates/codedb_mcp/**;crates/codedb/src/main.rs,tests/test_codex_bounded_bridge.nu,nu --no-config-file tests/test_codex_bounded_bridge.nu,stdout:cdb032-stdout;stderr:cdb032-stderr,,verified,complete,Current-head bounded MCP bridge proof verifies page limits and source guards
CDB033,CDB033,Implement unsafe dynamic capture refusal without explicit approval flag,execution/TASK_GRAPH.csv,CDB033,crates/codedb_build_capture/**,tests/test_unsafe_capture.nu,nu --no-config-file tests/test_unsafe_capture.nu,stdout:cdb033-stdout;stderr:cdb033-stderr,,verified,complete,Refusal path alone does not prove positive capture
CDB034,CDB034,Implement mandatory approved build and proc-macro raw-log capture,execution/TASK_GRAPH.csv,CDB034,crates/codedb_build_capture/**;fixtures/build_script/**;fixtures/proc_macro/**,crates/codedb_build_capture/**,cargo test -p codedb-build-capture,stdout:cdb034-stdout;stderr:cdb034-stderr,,verified,complete,The legacy word optional is interpreted as mandatory
CDB035,CDB035,Implement backend-neutral envctl export contract,execution/TASK_GRAPH.csv,CDB035,crates/codedb/**;docs/ENVCTL_EXPORT_CONTRACT.md,crates/codedb/**,cargo test -p codedb,stdout:cdb035-stdout;stderr:cdb035-stderr,,verified,complete,"Schema-4 detached proof executes the exact verification command and binds its typed evidence to the current FlexNetOS/nu_plugin commit, tree, ledger, and validator identities."
CDB036,CDB036,Implement selected meta repository scan inputs without replacing meta ownership,execution/TASK_GRAPH.csv,CDB036,crates/codedb/**;docs/META_INTEGRATION.md,crates/codedb/**,cargo test -p codedb,stdout:cdb036-stdout;stderr:cdb036-stderr,,verified,complete,"Schema-4 detached proof executes the exact verification command and binds its typed evidence to the current FlexNetOS/nu_plugin commit, tree, ledger, and validator identities."
CDB037,CDB037,Implement Codex CLI and MCP bridge contract with bounded output,execution/TASK_GRAPH.csv,CDB037,docs/CODEX_BRIDGE.md;examples/codex/**,tests/test_codex_bounded_bridge.nu,nu --no-config-file tests/test_codex_bounded_bridge.nu,stdout:cdb037-stdout;stderr:cdb037-stderr,,verified,complete,Current-head release proof verifies the bounded Codex CLI and MCP bridge contract
CDB038,CDB038,Implement and document Yazelix host-runtime Nu placement,execution/TASK_GRAPH.csv,CDB038,tests/test_yazelix_enabled_smoke.nu,tests/test_yazelix_enabled_smoke.nu,nu --no-config-file tests/test_yazelix_enabled_smoke.nu,stdout:cdb038-stdout;stderr:cdb038-stderr,,verified,complete,Current-head Yazelix smoke proof verifies host-runtime Nushell placement
CDB039,CDB039,Implement runner-readable proof manifest contract,execution/TASK_GRAPH.csv,CDB039,crates/codedb/**;docs/RELEASE_GATE.md,crates/codedb/**,cargo test -p codedb,stdout:cdb039-stdout;stderr:cdb039-stderr,,verified,complete,"Schema-4 detached proof executes the exact verification command and binds its typed evidence to the current FlexNetOS/nu_plugin commit, tree, ledger, and validator identities."
CDB040,CDB040,Document GitKB RTK Kache wild and Fenix fact-export boundaries,execution/TASK_GRAPH.csv,CDB040,docs/INTEGRATION_CONTRACTS.md;scripts/validate_integration_contracts.py,tests/test_integration_contracts.py,python3 -m unittest tests.test_integration_contracts && python3 scripts/validate_integration_contracts.py,stdout:cdb040-stdout;stderr:cdb040-stderr;file:cdb040-integration-contract:repository:docs/INTEGRATION_CONTRACTS.md,,verified,complete,Nine direct negative/positive tests and the live validator prove all five ownership/export boundaries.
CDB041,CDB041,Create and document the complete fixture matrix,execution/TASK_GRAPH.csv,CDB041,crates/**,crates/**,cargo test --workspace,stdout:cdb041-stdout;stderr:cdb041-stderr,,verified,complete,"Schema-4 detached proof executes the exact verification command and binds its typed evidence to the current FlexNetOS/nu_plugin commit, tree, ledger, and validator identities."
CDB042,CDB042,Prove repeated unchanged scans have stable checksums,execution/TASK_GRAPH.csv,CDB042,tests/test_deterministic_scan.nu;crates/codedb/tests/**,tests/test_deterministic_scan.nu,nu --no-config-file tests/test_deterministic_scan.nu,stdout:cdb042-stdout;stderr:cdb042-stderr,,verified,complete,Current-head deterministic-scan proof verifies stable checksums
CDB043,CDB043,Prove source and MCP secret-looking data do not leak,execution/TASK_GRAPH.csv,CDB043,tests/test_security_no_leak.nu;tests/test_plugin_secret_guard.nu,tests/test_security_no_leak.nu,nu --no-config-file tests/test_security_no_leak.nu,stdout:cdb043-stdout;stderr:cdb043-stderr,,verified,complete,Current-head no-leak proof verifies source and MCP secret-looking data are redacted
CDB044,CDB044,Prove clean and dirty scans do not mutate source,execution/TASK_GRAPH.csv,CDB044,tests/test_no_mutation.nu,tests/test_no_mutation.nu,nu --no-config-file tests/test_no_mutation.nu,stdout:cdb044-stdout;stderr:cdb044-stderr,,verified,complete,Current-head no-mutation proof verifies clean and dirty scans preserve source
CDB045,CDB045,Prove unsafe capture refuses by default and succeeds only with approval,execution/TASK_GRAPH.csv,CDB045,tests/test_unsafe_capture.nu;crates/codedb_build_capture/**,tests/test_unsafe_capture.nu,nu --no-config-file tests/test_unsafe_capture.nu,stdout:cdb045-stdout;stderr:cdb045-stderr,,verified,complete,Current-head unsafe-capture proof verifies default refusal and explicit approval success
CDB046,CDB046,Run full fmt clippy test and doctor validation,execution/TASK_GRAPH.csv,CDB046,Cargo.toml;crates/codedb/src/main.rs;scripts/validate_task_graph.py,crates/codedb/src/main.rs;tests/test_task_graph_validator.py,cargo fmt --all -- --check && cargo clippy --workspace --all-targets --all-features -- -D warnings && cargo test --workspace && cargo run --quiet -p codedb -- doctor --nu --format json && cargo run --quiet -p codedb -- doctor --yazelix --format json && cargo run --quiet -p codedb -- doctor --codex --format json,stdout:cdb046-stdout;stderr:cdb046-stderr;file:cdb046-validation-log:repository:logs/CDB046-validation.log,,verified,complete,"Current-tree fmt, deny-warnings clippy, workspace tests, and all explicit doctor scopes passed; live PostgreSQL parity is separately bound by CDB086."
CDB047,CDB047,Generate release manifest with matching checksums,execution/TASK_GRAPH.csv,CDB047,scripts/truth_surface.py;manifests/PACK_MANIFEST.json;manifests/CHECKSUMS.sha256;manifests/PACKAGE_VALIDATION.json,tests/test_truth_surface.py,python3 -m unittest tests.test_truth_surface && python3 scripts/truth_surface.py --check && python3 scripts/truth_surface.py --check-source,stdout:cdb047-stdout;stderr:cdb047-stderr;file:cdb047-pack-manifest:repository:manifests/PACK_MANIFEST.json;file:cdb047-checksums:repository:manifests/CHECKSUMS.sha256;file:cdb047-package-validation:repository:manifests/PACKAGE_VALIDATION.json,,verified,complete,Deterministic truth-surface tests and checksum/source checks directly prove the resealed manifests.
CDB048,CDB048,Prepare truthful handoff and mandatory remaining-work inventory,execution/TASK_GRAPH.csv,CDB048,HANDOFF.md;BACKLOG.md,tests/test_requirement_proof_ledger.py,python3 scripts/validate_requirement_proof_ledger.py --structure-only,stdout:cdb048-stdout;stderr:cdb048-stderr,,verified,complete,"Schema-4 detached proof executes the exact verification command and binds its typed evidence to the current FlexNetOS/nu_plugin commit, tree, ledger, and validator identities."
CDB049,CDB049,Inspect and cite the active Yazelix Nushell runtime bridge boundaries,execution/TASK_GRAPH.csv,CDB049,research/nushell_yazelix_cross_reference_report.md;docs/YAZELIX_NUSHELL_RUNTIME.md,tests/test_yazelix_enabled_smoke.nu,nu --no-config-file tests/test_yazelix_enabled_smoke.nu,stdout:cdb049-stdout;stderr:cdb049-stderr,,verified,complete,Source inspection candidate only; installed-runtime proof is separate
CDB050,CDB050,Package codedb and nu_plugin_codedb as profile-owned runtime tools,execution/TASK_GRAPH.csv,CDB050,flake.nix;packaging/codedb_runtime_tool.nix;docs/CODEDB_YAZELIX_RUNTIME_TOOL.md,tests/test_runtime_tool_contract.py,"python3 -m unittest tests.test_runtime_tool_contract && nix build .#checks.$(nix eval --raw --impure --expr builtins.currentSystem).codedb_runtime_tool_smoke --no-link --no-write-lock-file && runtime_out=""$(nix build .#codedb_runtime_tools --no-link --print-out-paths --no-write-lock-file)"" && ""$runtime_out/bin/codedb"" --version && test -x ""$runtime_out/bin/nu_plugin_codedb""",stdout:cdb050-stdout;stderr:cdb050-stderr;file:cdb050-runtime-package:repository:packaging/codedb_runtime_tool.nix,,verified,complete,"Contract tests, the current Nix package smoke, wrapped sandbox tool path, CLI version, and executable plugin frontdoor pass without profile mutation."
CDB051,CDB051,Validate host Nu and Yazelix runtime Nu protocol with explicit degradation,execution/TASK_GRAPH.csv,CDB051,crates/codedb/**;docs/NUSHELL_PLUGIN_COMPAT.md,crates/codedb/**,cargo test -p codedb,stdout:cdb051-stdout;stderr:cdb051-stderr,,verified,complete,"Schema-4 detached proof executes the exact verification command and binds its typed evidence to the current FlexNetOS/nu_plugin commit, tree, ledger, and validator identities."
CDB052,CDB052,Prove transient nu --plugins invocation returns table output,execution/TASK_GRAPH.csv,CDB052,tests/test_transient_plugin.nu,tests/test_transient_plugin.nu,nu --no-config-file tests/test_transient_plugin.nu,stdout:cdb052-stdout;stderr:cdb052-stderr,,verified,complete,Current-head transient plugin proof verifies table output
CDB053,CDB053,Prove isolated temp-HOME plugin registration leaves real HOME unchanged,execution/TASK_GRAPH.csv,CDB053,tests/test_plugin_registry.nu,tests/test_plugin_registry.nu,nu --no-config-file tests/test_plugin_registry.nu,stdout:cdb053-stdout;stderr:cdb053-stderr,,verified,complete,Current-head registry proof verifies isolated temp-HOME registration preserves real HOME
CDB054,CDB054,Generate provenance-bound CodeDB extern and init bridge without tracked config mutation,execution/TASK_GRAPH.csv,CDB054,crates/codedb/**;templates/nushell/**;docs/CODEDB_YAZELIX_INIT_CONTRACT.md,tests/test_init_provenance.nu,nu --no-config-file tests/test_init_provenance.nu,stdout:cdb054-stdout;stderr:cdb054-stderr,,verified,complete,Current-head init proof verifies provenance binding without tracked config mutation
CDB055,CDB055,Verify generated initializer checksums and provenance,execution/TASK_GRAPH.csv,CDB055,tests/test_init_provenance.nu;manifests/**,tests/test_init_provenance.nu,nu --no-config-file tests/test_init_provenance.nu,stdout:cdb055-stdout;stderr:cdb055-stderr,,verified,complete,Current-head init proof verifies generated checksums and provenance
CDB056,CDB056,Prove CodeDB Nushell syntax in an isolated HOME,execution/TASK_GRAPH.csv,CDB056,tests/test_nushell_syntax_gate.nu;docs/CODEDB_NUSHELL_SYNTAX_GATE.md,tests/test_nushell_syntax_gate.nu,nu --no-config-file tests/test_nushell_syntax_gate.nu,stdout:cdb056-stdout;stderr:cdb056-stderr,,verified,complete,Current-head syntax proof verifies CodeDB Nushell syntax in an isolated HOME
CDB057,CDB057,Prove plugin registration does not mutate the real HOME,execution/TASK_GRAPH.csv,CDB057,tests/test_no_real_home_plugin_registration.nu,tests/test_no_real_home_plugin_registration.nu,nu --no-config-file tests/test_no_real_home_plugin_registration.nu,stdout:cdb057-stdout;stderr:cdb057-stderr,,verified,complete,Current-head registration proof verifies the real HOME is not mutated
CDB058,CDB058,Prove Yazelix launch is unaffected when CodeDB is disabled,execution/TASK_GRAPH.csv,CDB058,tests/test_yazelix_disabled_smoke.nu;docs/YAZELIX_PLACEMENT.md,tests/test_yazelix_disabled_smoke.nu,nu --no-config-file tests/test_yazelix_disabled_smoke.nu,stdout:cdb058-stdout;stderr:cdb058-stderr,,verified,complete,Capability toggle may be optional but the disabled-mode proof is mandatory
CDB059,CDB059,Prove Yazelix launch with CodeDB avoids heavy startup import,execution/TASK_GRAPH.csv,CDB059,tests/test_yazelix_enabled_smoke.nu;docs/YAZELIX_PLACEMENT.md,tests/test_yazelix_enabled_smoke.nu,nu --no-config-file tests/test_yazelix_enabled_smoke.nu,stdout:cdb059-stdout;stderr:cdb059-stderr,,verified,complete,Current-head Yazelix smoke proof verifies startup avoids heavy import
CDB060,CDB060,Prove plugin stderr and trace output redact secret-looking values,execution/TASK_GRAPH.csv,CDB060,tests/test_plugin_secret_guard.nu;docs/SECURITY_AND_SECRET_POLICY.md,tests/test_plugin_secret_guard.nu,nu --no-config-file tests/test_plugin_secret_guard.nu,stdout:cdb060-stdout;stderr:cdb060-stderr,,verified,complete,Current-head secret-guard proof verifies stderr and trace redaction
CDB061,CDB061,Prove redb lock contention and plugin garbage-collection safety,execution/TASK_GRAPH.csv,CDB061,crates/codedb_store_redb/**;tests/test_redb_lifecycle.nu,tests/test_redb_lifecycle.nu,nu --no-config-file tests/test_redb_lifecycle.nu,stdout:cdb061-stdout;stderr:cdb061-stderr,,verified,complete,Backend-specific proof does not establish PostgreSQL parity
CDB062,CDB062,Prove bounded CLI and MCP output without raw source access,execution/TASK_GRAPH.csv,CDB062,tests/test_codex_bounded_bridge.nu;docs/CODEX_BRIDGE.md,tests/test_codex_bounded_bridge.nu,nu --no-config-file tests/test_codex_bounded_bridge.nu,stdout:cdb062-stdout;stderr:cdb062-stderr,,verified,complete,Current-head bounded-bridge proof verifies output limits without raw source access
CDB063,CDB063,Export envctl runtime tool and checksum rows without storage-internal coupling,execution/TASK_GRAPH.csv,CDB063,docs/ENVCTL_EXPORT_CONTRACT.md;crates/codedb/**,crates/codedb/**,cargo test -p codedb,stdout:cdb063-stdout;stderr:cdb063-stderr,,verified,complete,"Schema-4 detached proof executes the exact verification command and binds its typed evidence to the current FlexNetOS/nu_plugin commit, tree, ledger, and validator identities."
CDB077,CDB077,Prove compiler-observed macro expansion resolution and hygiene,execution/BIDIRECTIONAL_TASK_GRAPH.csv,CDB077,crates/codedb_rust_static/src/lib.rs;crates/codedb/src/main.rs,crates/codedb/tests/compiler_capture_cli.rs;crates/codedb_rust_static/src/lib.rs,cargo test -p codedb --test compiler_capture_cli && cargo test -p codedb-rust-static,stdout:cdb077-stdout;stderr:cdb077-stderr;file:cdb077-macro-hir:repository:logs/compiler-observed/macro_rules/hir.txt;file:cdb077-macro-expansion:repository:logs/compiler-observed/macro_rules/macro_expansion.txt;file:cdb077-macro-resolution:repository:logs/compiler-observed/macro_rules/macro_resolution.rmeta;file:cdb077-macro-hygiene:repository:logs/compiler-observed/macro_rules/macro_hygiene.txt,,verified,complete,"Approved production CLI capture proves compiler-observed expansion, persisted binary resolution metadata, hygiene, pinned artifacts, refusal, and source immutability."
CDB078,CDB078,Prove default refusal and approved proc-macro inputs outputs and provenance,execution/BIDIRECTIONAL_TASK_GRAPH.csv,CDB078,crates/codedb_build_capture/src/lib.rs;crates/codedb/src/main.rs,crates/codedb/tests/build_capture_cli.rs;crates/codedb_build_capture/tests/approved_build_frontdoor.rs,cargo test -p codedb --test build_capture_cli && cargo test -p codedb-build-capture,stdout:cdb078-stdout;stderr:cdb078-stderr;file:cdb078-procmacro-hir:repository:logs/compiler-observed/proc_macro/hir.txt;file:cdb078-procmacro-resolution:repository:logs/compiler-observed/proc_macro/macro_resolution.rmeta;file:cdb078-procmacro-hygiene:repository:logs/compiler-observed/proc_macro/macro_hygiene.txt,,verified,complete,Default refusal plus approved proc-macro token hashes and persisted compiler-resolution provenance are directly proven through the production CLI frontdoor.
CDB079,CDB079,Prove default refusal and approved build-script environment instructions and redacted logs,execution/BIDIRECTIONAL_TASK_GRAPH.csv,CDB079,crates/codedb_build_capture/src/lib.rs;crates/codedb/src/main.rs,crates/codedb/tests/build_capture_cli.rs;crates/codedb_build_capture/tests/approved_build_frontdoor.rs,cargo test -p codedb --test build_capture_cli && cargo test -p codedb-build-capture,stdout:cdb079-stdout;stderr:cdb079-stderr,,verified,complete,"Default refusal plus approved build-script environment, instruction, bounded log, and receipt capture are directly proven."
CDB080,CDB080,Prove checksum-bound OUT_DIR artifact reproduction and provenance,execution/BIDIRECTIONAL_TASK_GRAPH.csv,CDB080,crates/codedb_build_capture/src/lib.rs;crates/codedb/src/main.rs,crates/codedb/tests/build_capture_cli.rs;crates/codedb_build_capture/tests/approved_build_frontdoor.rs,cargo test -p codedb --test build_capture_cli && cargo test -p codedb-build-capture,stdout:cdb080-stdout;stderr:cdb080-stderr,,verified,complete,"Checksum-bound OUT_DIR artifacts are captured, persisted, and reproduced byte-for-byte without source mutation."
CDB081,CDB081,Prove checksum-bound symlink capture storage replay rollback and safe fallback,execution/BIDIRECTIONAL_TASK_GRAPH.csv,CDB081,crates/codedb/src/main.rs;crates/codedb_core/src/lib.rs;crates/codedb_core/src/store.rs;crates/codedb_store_pg/src/lib.rs;crates/codedb_store_redb/src/lib.rs,crates/codedb/tests/symlink_capture_roundtrip.rs;crates/codedb_core/tests/materialization_paths.rs;crates/codedb_store_pg/tests/blobstore_parity.rs;crates/codedb_store_redb/src/lib.rs,cargo test -p codedb-core --test materialization_paths && cargo test -p codedb --test symlink_capture_roundtrip && cargo test -p codedb-store-redb,stdout:cdb081-stdout;stderr:cdb081-stderr,,verified,complete,Checksum-bound symlink metadata is captured and replayed as links; Bun-style relative targets round-trip; unsafe or non-UTF-8 targets fail closed before false completion; rollback preserves concurrent replacements; redb and live PostgreSQL parity are proven without regular-file coercion.
CDB082,CDB082,Prove approved dynamic native and linker facts with provenance,execution/BIDIRECTIONAL_TASK_GRAPH.csv,CDB082,crates/codedb_build_capture/src/lib.rs;crates/codedb_rust_static/src/lib.rs;crates/codedb/src/main.rs,crates/codedb/tests/build_capture_cli.rs;crates/codedb_build_capture/tests/approved_build_frontdoor.rs,cargo test -p codedb --test build_capture_cli && cargo test -p codedb-build-capture -p codedb-rust-static,stdout:cdb082-stdout;stderr:cdb082-stderr,,verified,complete,Approved production capture emits native library/path/link facts with complete approval provenance.
CDB083,CDB083,Prove MCP raw source and blob reads remain bounded and denied,execution/BIDIRECTIONAL_TASK_GRAPH.csv,CDB083,crates/codedb_mcp/src/lib.rs;crates/codedb/src/main.rs,crates/codedb_mcp/src/lib.rs;tests/test_security_no_leak.nu,cargo test -p codedb-mcp && nu --no-config-file tests/test_security_no_leak.nu,stdout:cdb083-stdout;stderr:cdb083-stderr,,verified,complete,MCP unit and live Nu protocol tests prove bounded raw-source/blob denial without sentinel leakage.
CDB084,CDB084,Prove deterministic identity and truthful instability classification,execution/BIDIRECTIONAL_TASK_GRAPH.csv,CDB084,crates/codedb_rust_static/src/lib.rs;crates/codedb_core/src/lib.rs,crates/codedb_rust_static/**,cargo test -p codedb-rust-static -p codedb-core,stdout:cdb084-stdout;stderr:cdb084-stderr,,verified,complete,Repeat scans preserve named and anonymous identities while source shifts remain truthfully classified.
CDB085,CDB085,Prove HIR MIR semantic equivalence and rustdoc public-API equivalence,execution/BIDIRECTIONAL_TASK_GRAPH.csv,CDB085,crates/codedb_rust_static/src/lib.rs;crates/codedb/src/main.rs,crates/codedb/tests/compiler_capture_cli.rs;crates/codedb_rust_static/src/lib.rs,cargo test -p codedb --test compiler_capture_cli && cargo test -p codedb-rust-static,stdout:cdb085-stdout;stderr:cdb085-stderr;file:cdb085-macro-mir:repository:logs/compiler-observed/macro_rules/mir.txt;file:cdb085-macro-rustdoc:repository:logs/compiler-observed/macro_rules/rustdoc_public_api.json,,verified,complete,Pinned HIR/MIR/rustdoc artifacts are repeatable; private drift changes semantic only and public signature drift changes public API.
CDB086,CDB086,Prove backend-neutral migration and unknown-schema refusal,execution/BIDIRECTIONAL_TASK_GRAPH.csv,CDB086,crates/codedb_store_redb/src/lib.rs;crates/codedb_store_pg/src/lib.rs,crates/codedb_store_redb/src/lib.rs;crates/codedb_store_pg/tests/blobstore_parity.rs,cargo test -p codedb-store-redb -p codedb-store-pg --features codedb-store-pg/pg-integration,stdout:cdb086-stdout;stderr:cdb086-stderr;file:cdb086-live-pg-receipt:repository:logs/receipts/cdb086-live-pg-stdout.log,,verified,complete,redb and disposable live PostgreSQL migration/rollback/unknown-schema parity passed all 13 PostgreSQL integration cases.
CDB087,CDB087,Prove stale source plans conflict and cannot apply silently,execution/BIDIRECTIONAL_TASK_GRAPH.csv,CDB087,crates/codedb_core/src/lib.rs;crates/codedb/src/main.rs,crates/codedb_core/**,cargo test -p codedb-core -p codedb,stdout:cdb087-stdout;stderr:cdb087-stderr,,verified,complete,Direct current-tree tests prove stale source-plan conflicts fail closed.
CDB088,CDB088,Prove failed materialization and apply recovery rollback or quarantine,execution/BIDIRECTIONAL_TASK_GRAPH.csv,CDB088,crates/codedb/src/main.rs;crates/codedb_core/src/lib.rs,crates/codedb_core/**,cargo test -p codedb-core -p codedb,stdout:cdb088-stdout;stderr:cdb088-stderr,,verified,complete,Direct current-tree tests prove failed apply recovery records rollback or quarantine without source loss.
CDB089,CDB089,Prove operator approval and manual decision provenance is mandatory for apply,execution/BIDIRECTIONAL_TASK_GRAPH.csv,CDB089,crates/codedb_core/src/lib.rs;crates/codedb/src/main.rs,crates/codedb_core/**,cargo test -p codedb-core -p codedb,stdout:cdb089-stdout;stderr:cdb089-stderr,,verified,complete,Direct current-tree tests prove apply refuses incomplete operator decision provenance.
CDB090,CDB090,Require all mandatory capability tests reproduction proof and full validation before reseal,execution/BIDIRECTIONAL_TASK_GRAPH.csv,CDB090,scripts/validate_bidirectional_package.py;scripts/validate_requirement_proof_ledger.py;crates/codedb/src/main.rs;manifests/PACKAGE_VALIDATION.json,tests/test_requirement_proof_ledger.py,python3 scripts/validate_bidirectional_package.py --direct-evidence,stdout:cdb090-stdout;stderr:cdb090-stderr,,verified,complete,"All 21 bidirectional rows, all 140 direct-evidence rows, mandatory capability tests, reproduction proof, and the resealed manifest gate are complete; detached release attestation remains a separate clean-tree requirement."
CDB106-AC01,CDB106,List every V1.1 requirement with source implementation direct tests and final command,gitkb:tasks/cdb106-mandatory-v1-1-completion,Acceptance criterion 1,tests/test_requirement_proof_ledger.py,tests/test_requirement_proof_ledger.py,python3 scripts/validate_requirement_proof_ledger.py --structure-only,stdout:cdb106-ac01-stdout;stderr:cdb106-ac01-stderr,,verified,complete,"Schema-4 detached proof executes the exact verification command and binds its typed evidence to the current FlexNetOS/nu_plugin commit, tree, ledger, and validator identities."
CDB106-AC02,CDB106,Prove compiler-observed macro and proc-macro behavior without static overclaim,gitkb:tasks/cdb106-mandatory-v1-1-completion,Acceptance criterion 2,crates/codedb_rust_static/**;crates/codedb_build_capture/**,crates/codedb_rust_static/**,cargo test -p codedb-rust-static -p codedb-build-capture,stdout:cdb106-ac02-stdout;stderr:cdb106-ac02-stderr,,verified,complete,CDB077 and CDB078 remain active
CDB106-AC03,CDB106,Prove approved build execution OUT_DIR provenance and redacted logs while defaults do not execute,gitkb:tasks/cdb106-mandatory-v1-1-completion,Acceptance criterion 3,crates/codedb_build_capture/**;fixtures/out_dir_generator/**,crates/codedb_build_capture/**,cargo test -p codedb-build-capture,stdout:cdb106-ac03-stdout;stderr:cdb106-ac03-stderr,,verified,complete,CDB079 and CDB080 remain active
CDB106-AC04,CDB106,Capture pinned HIR MIR and rustdoc artifacts with exact toolchain context,gitkb:tasks/cdb106-mandatory-v1-1-completion,Acceptance criterion 4,crates/codedb_rust_static/**,crates/codedb_rust_static/**,cargo test -p codedb-rust-static,stdout:cdb106-ac04-stdout;stderr:cdb106-ac04-stderr;file:cdb106-ac04-hir:repository:logs/compiler-observed/macro_rules/hir.txt;file:cdb106-ac04-mir:repository:logs/compiler-observed/macro_rules/mir.txt;file:cdb106-ac04-rustdoc:repository:logs/compiler-observed/macro_rules/rustdoc_public_api.json;file:cdb106-ac04-resolution:repository:logs/compiler-observed/macro_rules/macro_resolution.rmeta;file:cdb106-ac04-summary:repository:logs/compiler-observed/SUMMARY.json,,verified,complete,Tracked HIR MIR rustdoc and binary resolution artifacts are pinned to the exact compiler toolchain context and verified by the broker suite.
CDB106-AC05,CDB106,Prove identical end-to-end reproduction contract for redb and PostgreSQL with explicit DSN,gitkb:tasks/cdb106-mandatory-v1-1-completion,Acceptance criterion 5,crates/codedb_store_redb/**;crates/codedb_store_pg/**;crates/codedb/**,crates/codedb_store_pg/tests/**,cargo test -p codedb-store-redb -p codedb-store-pg -p codedb --all-features,stdout:cdb106-ac05-stdout;stderr:cdb106-ac05-stderr;file:cdb106-ac05-pg-receipt:repository:logs/receipts/cdb106-ac05-stdout.log,,verified,complete,"Schema-4 detached proof executes the exact verification command and binds its typed evidence to the current FlexNetOS/nu_plugin commit, tree, ledger, and validator identities."
CDB106-AC06,CDB106,Expose bounded non-mutating CLI Nu and MCP operations with backend-neutral results and raw-source denial,gitkb:tasks/cdb106-mandatory-v1-1-completion,Acceptance criterion 6,crates/codedb/**;crates/nu_plugin_codedb/**;crates/codedb_mcp/**,tests/test_codex_bounded_bridge.nu,nu --no-config-file tests/test_codex_bounded_bridge.nu,stdout:cdb106-ac06-stdout;stderr:cdb106-ac06-stderr,,verified,complete,Current-head bounded Nu and MCP bridge proof verifies backend-neutral results and raw-source denial; redb and PostgreSQL parity are separately proven by CDB086 and CDB106-AC05
CDB106-AC07,CDB106,Reject path escapes unsafe symlinks and source-checkout mutation for every store,gitkb:tasks/cdb106-mandatory-v1-1-completion,Acceptance criterion 7,crates/codedb_core/tests/materialization_paths.rs;crates/codedb/src/main.rs,tests/test_materialization_safety.py,python3 tests/test_materialization_safety.py,stdout:cdb106-ac07-stdout;stderr:cdb106-ac07-stderr,,verified,complete,Current-head materialization safety proof verifies path symlink and source-mutation guards across stores
CDB106-AC08,CDB106,Prove the former materialization fixture race is deterministic under repeated affected-crate runs,gitkb:tasks/cdb106-mandatory-v1-1-completion,Acceptance criterion 8,crates/codedb/src/main.rs,crates/codedb/**,cargo test -p codedb --all-features,stdout:cdb106-ac08-stdout;stderr:cdb106-ac08-stderr,,verified,complete,"Schema-4 detached proof executes the exact verification command and binds its typed evidence to the current FlexNetOS/nu_plugin commit, tree, ledger, and validator identities."
CDB106-AC09,CDB106,Pass exact-tree affected-crate workspace-wide and CI-equivalent checks without generated mutation,gitkb:tasks/cdb106-mandatory-v1-1-completion,Acceptance criterion 9,crates/**,crates/**,cargo fmt --all --check && cargo clippy --workspace --all-targets --all-features && cargo test --workspace --all-features,stdout:cdb106-ac09-stdout;stderr:cdb106-ac09-stderr;file:cdb106-ac09-pg-receipt:repository:logs/receipts/cdb106-ac09-full-stdout.log,,verified,complete,"Schema-4 detached proof executes the exact verification command and binds its typed evidence to the current FlexNetOS/nu_plugin commit, tree, ledger, and validator identities."
CDB106-AC10,CDB106,Keep GitKB evidence uncommitted and PR draft until every criterion has direct proof,gitkb:tasks/cdb106-mandatory-v1-1-completion,Acceptance criterion 10,scripts/validate_requirement_proof_ledger.py,tests/test_requirement_proof_ledger.py,python3 scripts/validate_requirement_proof_ledger.py --direct-evidence,stdout:cdb106-ac10-stdout;stderr:cdb106-ac10-stderr,,verified,complete,"Schema-4 detached proof executes the exact verification command and binds its typed evidence to the current FlexNetOS/nu_plugin commit, tree, ledger, and validator identities."
REQ-061-NFR01,REQ-061,Implement target-root indirection and alias resolution without blind META_ROOT replacement,https://github.com/FlexNetOS/envctl/issues/414,Non-negotiable constraint 1,../envctl/crates/engine/**,../envctl/crates/engine/tests/**,cargo test --manifest-path ../envctl/Cargo.toml --workspace,stdout:req-061-nfr01-stdout;stderr:req-061-nfr01-stderr,,verified,complete,"Schema-4 detached proof binds this exact command to pinned FlexNetOS/envctl b62669c4e32c8de0407aa51ca3add94d529b50b6 and pinned loop_lib/meta_plugin_protocol dependencies; execution must pass without mutating any checkout."
REQ-061-NFR02,REQ-061,Require preview or plan before every mutation and require apply plus confirmation for destructive paths,https://github.com/FlexNetOS/envctl/issues/414,Non-negotiable constraint 2,../envctl/crates/engine/**,../envctl/crates/engine/tests/**,cargo test --manifest-path ../envctl/Cargo.toml --workspace,stdout:req-061-nfr02-stdout;stderr:req-061-nfr02-stderr,,verified,complete,"Schema-4 detached proof binds this exact command to pinned FlexNetOS/envctl b62669c4e32c8de0407aa51ca3add94d529b50b6 and pinned loop_lib/meta_plugin_protocol dependencies; execution must pass without mutating any checkout."
REQ-061-NFR03,REQ-061,Use a real deterministic persisted index backend behind a storage boundary,https://github.com/FlexNetOS/envctl/issues/414,Non-negotiable constraint 3,../envctl/crates/engine/**,../envctl/crates/engine/tests/**,cargo test --manifest-path ../envctl/Cargo.toml --workspace,stdout:req-061-nfr03-stdout;stderr:req-061-nfr03-stderr,,verified,complete,"Schema-4 detached proof binds this exact command to pinned FlexNetOS/envctl b62669c4e32c8de0407aa51ca3add94d529b50b6 and pinned loop_lib/meta_plugin_protocol dependencies; execution must pass without mutating any checkout."
REQ-061-NFR04,REQ-061,Detect running wrappers and stage atomic promotion or refuse unsafe process disturbance,https://github.com/FlexNetOS/envctl/issues/414,Non-negotiable constraint 4,../envctl/crates/engine/**,../envctl/crates/engine/tests/**,cargo test --manifest-path ../envctl/Cargo.toml --workspace,stdout:req-061-nfr04-stdout;stderr:req-061-nfr04-stderr,,verified,complete,"Schema-4 detached proof binds this exact command to pinned FlexNetOS/envctl b62669c4e32c8de0407aa51ca3add94d529b50b6 and pinned loop_lib/meta_plugin_protocol dependencies; execution must pass without mutating any checkout."
REQ-061-NFR05,REQ-061,Install new tools only through envctl managed component roots,https://github.com/FlexNetOS/envctl/issues/414,Non-negotiable constraint 5,../envctl/crates/engine/**,../envctl/crates/engine/tests/**,cargo test --manifest-path ../envctl/Cargo.toml --workspace,stdout:req-061-nfr05-stdout;stderr:req-061-nfr05-stderr,,verified,complete,"Schema-4 detached proof binds this exact command to pinned FlexNetOS/envctl b62669c4e32c8de0407aa51ca3add94d529b50b6 and pinned loop_lib/meta_plugin_protocol dependencies; execution must pass without mutating any checkout."
REQ-061-NFR06,REQ-061,Support stable deterministic JSON for every new agent query and refactor command,https://github.com/FlexNetOS/envctl/issues/414,Non-negotiable constraint 6,../envctl/crates/engine/**,../envctl/crates/engine/tests/**,cargo test --manifest-path ../envctl/Cargo.toml --workspace,stdout:req-061-nfr06-stdout;stderr:req-061-nfr06-stderr,,verified,complete,"Schema-4 detached proof binds this exact command to pinned FlexNetOS/envctl b62669c4e32c8de0407aa51ca3add94d529b50b6 and pinned loop_lib/meta_plugin_protocol dependencies; execution must pass without mutating any checkout."
REQ-061-NFR07,REQ-061,Share engine APIs between CLI and GUI instead of CLI-only behavior,https://github.com/FlexNetOS/envctl/issues/414,Non-negotiable constraint 7,../envctl/crates/engine/**,../envctl/crates/engine/tests/**,cargo test --manifest-path ../envctl/Cargo.toml --workspace,stdout:req-061-nfr07-stdout;stderr:req-061-nfr07-stderr,,verified,complete,"Schema-4 detached proof binds this exact command to pinned FlexNetOS/envctl b62669c4e32c8de0407aa51ca3add94d529b50b6 and pinned loop_lib/meta_plugin_protocol dependencies; execution must pass without mutating any checkout."
REQ-061-NFR08,REQ-061,Fail closed with backups atomic writes marker ownership and deterministic sorting,https://github.com/FlexNetOS/envctl/issues/414,Non-negotiable constraint 8,../envctl/crates/engine/**,../envctl/crates/engine/tests/**,cargo test --manifest-path ../envctl/Cargo.toml --workspace,stdout:req-061-nfr08-stdout;stderr:req-061-nfr08-stderr,,verified,complete,"Schema-4 detached proof binds this exact command to pinned FlexNetOS/envctl b62669c4e32c8de0407aa51ca3add94d529b50b6 and pinned loop_lib/meta_plugin_protocol dependencies; execution must pass without mutating any checkout."
REQ-061-NFR09,REQ-061,Build and test real code with fmt workspace tests and repository gates,https://github.com/FlexNetOS/envctl/issues/414,Non-negotiable constraint 9,../envctl/crates/engine/**,../envctl/crates/engine/tests/**,cargo fmt --manifest-path ../envctl/Cargo.toml --all --check && cargo test --manifest-path ../envctl/Cargo.toml --workspace,stdout:req-061-nfr09-stdout;stderr:req-061-nfr09-stderr,,verified,complete,"Schema-4 detached proof binds this exact command to pinned FlexNetOS/envctl b62669c4e32c8de0407aa51ca3add94d529b50b6 and pinned loop_lib/meta_plugin_protocol dependencies; execution must pass without mutating any checkout."
REQ-061-NFR10,REQ-061,Prevent C or FFI dependency regressions and componentize disallowed tools,https://github.com/FlexNetOS/envctl/issues/414,Non-negotiable constraint 10,../envctl/ci/gates/no-c.sh;../envctl/crates/engine/**,../envctl/ci/gates/no-c.sh,cd ../envctl && bash ci/gates/no-c.sh,stdout:req-061-nfr10-stdout;stderr:req-061-nfr10-stderr,,verified,complete,"Schema-4 detached proof binds this exact command to pinned FlexNetOS/envctl b62669c4e32c8de0407aa51ca3add94d529b50b6 and pinned loop_lib/meta_plugin_protocol dependencies; execution must pass without mutating any checkout."
REQ-061-ARCH01,REQ-061,Implement a testable Rust-native db or catalog-mutation engine module,https://github.com/FlexNetOS/envctl/issues/414,Architecture section 1,../envctl/crates/engine/**,../envctl/crates/engine/tests/**,cargo test --manifest-path ../envctl/Cargo.toml -p envctl-engine,stdout:req-061-arch01-stdout;stderr:req-061-arch01-stderr,,verified,complete,"Schema-4 detached proof binds this exact command to pinned FlexNetOS/envctl b62669c4e32c8de0407aa51ca3add94d529b50b6 and pinned loop_lib/meta_plugin_protocol dependencies; execution must pass without mutating any checkout."
REQ-061-ARCH02,REQ-061,Implement typed multi-root kinds roles aliases profiles precedence and verifier status,https://github.com/FlexNetOS/envctl/issues/414,Architecture section 2,../envctl/crates/engine/**,../envctl/crates/engine/tests/**,cargo test --manifest-path ../envctl/Cargo.toml -p envctl-engine,stdout:req-061-arch02-stdout;stderr:req-061-arch02-stderr,,verified,complete,"Schema-4 detached proof binds this exact command to pinned FlexNetOS/envctl b62669c4e32c8de0407aa51ca3add94d529b50b6 and pinned loop_lib/meta_plugin_protocol dependencies; execution must pass without mutating any checkout."
REQ-061-ARCH03,REQ-061,Index files with owner parser hash size generation protection mutation policy and timestamp fields,https://github.com/FlexNetOS/envctl/issues/414,Architecture section 3 file rows,../envctl/crates/engine/**,../envctl/crates/engine/tests/**,cargo test --manifest-path ../envctl/Cargo.toml -p envctl-engine,stdout:req-061-arch03-stdout;stderr:req-061-arch03-stderr,,verified,complete,"Schema-4 detached proof binds this exact command to pinned FlexNetOS/envctl b62669c4e32c8de0407aa51ca3add94d529b50b6 and pinned loop_lib/meta_plugin_protocol dependencies; execution must pass without mutating any checkout."
REQ-061-ARCH04,REQ-061,Index typed symbols with stable spans ownership confidence and mutation policy,https://github.com/FlexNetOS/envctl/issues/414,Architecture section 3 symbol rows,../envctl/crates/engine/**,../envctl/crates/engine/tests/**,cargo test --manifest-path ../envctl/Cargo.toml -p envctl-engine,stdout:req-061-arch04-stdout;stderr:req-061-arch04-stderr,,verified,complete,"Schema-4 detached proof binds this exact command to pinned FlexNetOS/envctl b62669c4e32c8de0407aa51ca3add94d529b50b6 and pinned loop_lib/meta_plugin_protocol dependencies; execution must pass without mutating any checkout."
REQ-061-ARCH05,REQ-061,Index occurrences with context offsets replacement candidacy and replacement policy,https://github.com/FlexNetOS/envctl/issues/414,Architecture section 3 occurrence rows,../envctl/crates/engine/**,../envctl/crates/engine/tests/**,cargo test --manifest-path ../envctl/Cargo.toml -p envctl-engine,stdout:req-061-arch05-stdout;stderr:req-061-arch05-stderr,,verified,complete,"Schema-4 detached proof binds this exact command to pinned FlexNetOS/envctl b62669c4e32c8de0407aa51ca3add94d529b50b6 and pinned loop_lib/meta_plugin_protocol dependencies; execution must pass without mutating any checkout."
REQ-061-ARCH06,REQ-061,Implement deterministic table filters presets and explain output without a broad SQL clone,https://github.com/FlexNetOS/envctl/issues/414,Architecture section 4,../envctl/crates/engine/**,../envctl/crates/engine/tests/**,cargo test --manifest-path ../envctl/Cargo.toml -p envctl-engine,stdout:req-061-arch06-stdout;stderr:req-061-arch06-stderr,,verified,complete,"Schema-4 detached proof binds this exact command to pinned FlexNetOS/envctl b62669c4e32c8de0407aa51ca3add94d529b50b6 and pinned loop_lib/meta_plugin_protocol dependencies; execution must pass without mutating any checkout."
REQ-061-ARCH07,REQ-061,Build root-aware refactor plans with safe manual refused diffs verifiers and rollback actions,https://github.com/FlexNetOS/envctl/issues/414,Architecture section 5,../envctl/crates/engine/**,../envctl/crates/engine/tests/**,cargo test --manifest-path ../envctl/Cargo.toml -p envctl-engine,stdout:req-061-arch07-stdout;stderr:req-061-arch07-stderr,,verified,complete,"Schema-4 detached proof binds this exact command to pinned FlexNetOS/envctl b62669c4e32c8de0407aa51ca3add94d529b50b6 and pinned loop_lib/meta_plugin_protocol dependencies; execution must pass without mutating any checkout."
REQ-061-ARCH08,REQ-061,Implement parse-plan-temp-fsync-rename-reread-hash safe edits with backups and format preservation,https://github.com/FlexNetOS/envctl/issues/414,Architecture section 6,../envctl/crates/engine/**,../envctl/crates/engine/tests/**,cargo test --manifest-path ../envctl/Cargo.toml -p envctl-engine,stdout:req-061-arch08-stdout;stderr:req-061-arch08-stderr,,verified,complete,"Schema-4 detached proof binds this exact command to pinned FlexNetOS/envctl b62669c4e32c8de0407aa51ca3add94d529b50b6 and pinned loop_lib/meta_plugin_protocol dependencies; execution must pass without mutating any checkout."
REQ-061-ARCH09,REQ-061,Extract Rust crates modules items imports clap commands root symbols and impact spans with syn,https://github.com/FlexNetOS/envctl/issues/414,Architecture section 7,../envctl/crates/engine/**,../envctl/crates/engine/tests/**,cargo test --manifest-path ../envctl/Cargo.toml -p envctl-engine,stdout:req-061-arch09-stdout;stderr:req-061-arch09-stderr,,verified,complete,"Schema-4 detached proof binds this exact command to pinned FlexNetOS/envctl b62669c4e32c8de0407aa51ca3add94d529b50b6 and pinned loop_lib/meta_plugin_protocol dependencies; execution must pass without mutating any checkout."
REQ-061-ARCH10,REQ-061,Manage rg sg fd sd taplo jaq and nu through envctl components with detect install verify,https://github.com/FlexNetOS/envctl/issues/414,Architecture section 8,../envctl/crates/engine/**,../envctl/crates/engine/tests/**,cargo test --manifest-path ../envctl/Cargo.toml --workspace,stdout:req-061-arch10-stdout;stderr:req-061-arch10-stderr,,verified,complete,"Schema-4 detached proof binds this exact command to pinned FlexNetOS/envctl b62669c4e32c8de0407aa51ca3add94d529b50b6 and pinned loop_lib/meta_plugin_protocol dependencies; execution must pass without mutating any checkout."
REQ-061-ARCH11,REQ-061,Expose agent-first roots refs refactor hooks widgets and optional gated TUI,https://github.com/FlexNetOS/envctl/issues/414,Architecture section 9,../envctl/crates/engine/**,../envctl/crates/engine/tests/**,cargo test --manifest-path ../envctl/Cargo.toml --workspace,stdout:req-061-arch11-stdout;stderr:req-061-arch11-stderr,,verified,complete,"Schema-4 detached proof binds this exact command to pinned FlexNetOS/envctl b62669c4e32c8de0407aa51ca3add94d529b50b6 and pinned loop_lib/meta_plugin_protocol dependencies; execution must pass without mutating any checkout."
REQ-061-ARCH12,REQ-061,Discover Codex hooks wrappers policies and launchers across scoped roots with ownership and runtime state,https://github.com/FlexNetOS/envctl/issues/414,Architecture section 10 discovery,../envctl/crates/engine/**,../envctl/crates/engine/tests/**,cargo test --manifest-path ../envctl/Cargo.toml -p envctl-engine,stdout:req-061-arch12-stdout;stderr:req-061-arch12-stderr,,verified,complete,"Schema-4 detached proof binds this exact command to pinned FlexNetOS/envctl b62669c4e32c8de0407aa51ca3add94d529b50b6 and pinned loop_lib/meta_plugin_protocol dependencies; execution must pass without mutating any checkout."
REQ-061-ARCH13,REQ-061,Plan stage verify back up and atomically deploy owned hooks while refusing unsafe clobber,https://github.com/FlexNetOS/envctl/issues/414,Architecture section 10 deploy,../envctl/crates/engine/**,../envctl/crates/engine/tests/**,cargo test --manifest-path ../envctl/Cargo.toml -p envctl-engine,stdout:req-061-arch13-stdout;stderr:req-061-arch13-stderr,,verified,complete,"Schema-4 detached proof binds this exact command to pinned FlexNetOS/envctl b62669c4e32c8de0407aa51ca3add94d529b50b6 and pinned loop_lib/meta_plugin_protocol dependencies; execution must pass without mutating any checkout."
REQ-061-ARCH14,REQ-061,Implement DbIndexStore load save and query boundary with deterministic local persistence,https://github.com/FlexNetOS/envctl/issues/414,Architecture section 11,../envctl/crates/engine/**,../envctl/crates/engine/tests/**,cargo test --manifest-path ../envctl/Cargo.toml -p envctl-engine,stdout:req-061-arch14-stdout;stderr:req-061-arch14-stderr,,verified,complete,"Schema-4 detached proof binds this exact command to pinned FlexNetOS/envctl b62669c4e32c8de0407aa51ca3add94d529b50b6 and pinned loop_lib/meta_plugin_protocol dependencies; execution must pass without mutating any checkout."
REQ-061-ARCH15,REQ-061,Integrate complete db CLI with JSON help deterministic output refusal exits and write gates,https://github.com/FlexNetOS/envctl/issues/414,Architecture section 12,../envctl/crates/cli/**,../envctl/crates/cli/tests/**,cargo test --manifest-path ../envctl/Cargo.toml -p envctl,stdout:req-061-arch15-stdout;stderr:req-061-arch15-stderr,,verified,complete,"Schema-4 detached proof binds this exact command to pinned FlexNetOS/envctl b62669c4e32c8de0407aa51ca3add94d529b50b6 and pinned loop_lib/meta_plugin_protocol dependencies; execution must pass without mutating any checkout."
REQ-061-ARCH16,REQ-061,Provide GUI-consumable engine view models and keep GUI behavior on shared APIs,https://github.com/FlexNetOS/envctl/issues/414,Architecture section 13,../envctl/crates/engine/**,../envctl/crates/engine/tests/**,cargo test --manifest-path ../envctl/Cargo.toml --workspace,stdout:req-061-arch16-stdout;stderr:req-061-arch16-stderr,,verified,complete,"Schema-4 detached proof binds this exact command to pinned FlexNetOS/envctl b62669c4e32c8de0407aa51ca3add94d529b50b6 and pinned loop_lib/meta_plugin_protocol dependencies; execution must pass without mutating any checkout."
REQ-061-ARCH17,REQ-061,Add all ten required fixtures for roots TOML hooks process locks nesting symbols refusal and atomic backup,https://github.com/FlexNetOS/envctl/issues/414,Architecture section 14,../envctl/crates/engine/**,../envctl/crates/engine/tests/**,cargo test --manifest-path ../envctl/Cargo.toml --workspace,stdout:req-061-arch17-stdout;stderr:req-061-arch17-stderr,,verified,complete,"Schema-4 detached proof binds this exact command to pinned FlexNetOS/envctl b62669c4e32c8de0407aa51ca3add94d529b50b6 and pinned loop_lib/meta_plugin_protocol dependencies; execution must pass without mutating any checkout."
REQ-061-ARCH18,REQ-061,Update README roadmap DB automation and CLI examples for Meta and LifeOS multi-root identity,https://github.com/FlexNetOS/envctl/issues/414,Architecture section 15,external:../envctl/README.md;external:../envctl/docs/ROADMAP.md;external:../envctl/docs/DB-AUTOMATION.md,external:../envctl/crates/cli/tests/db_docs_contract.rs,cargo test --manifest-path ../envctl/Cargo.toml -p envctl --test db_docs_contract,stdout:req-061-arch18-stdout;stderr:req-061-arch18-stderr,,verified,complete,"Schema-4 detached proof binds this exact command to pinned FlexNetOS/envctl b62669c4e32c8de0407aa51ca3add94d529b50b6 and pinned loop_lib/meta_plugin_protocol dependencies; execution must pass without mutating any checkout."
REQ-061-ARCH19,REQ-061,Run all issue verification commands plus shape no-C and cargo-audit gates when present,https://github.com/FlexNetOS/envctl/issues/414,Architecture section 16,../envctl/crates/engine/**,../envctl/crates/engine/tests/**,cargo fmt --manifest-path ../envctl/Cargo.toml --all --check && cargo test --manifest-path ../envctl/Cargo.toml --workspace,stdout:req-061-arch19-stdout;stderr:req-061-arch19-stderr,,verified,complete,"Schema-4 detached proof binds this exact command to pinned FlexNetOS/envctl b62669c4e32c8de0407aa51ca3add94d529b50b6 and pinned loop_lib/meta_plugin_protocol dependencies; execution must pass without mutating any checkout."
REQ-061-CMD01,REQ-061,Expose envctl db scan with repo-root targeting and JSON,https://github.com/FlexNetOS/envctl/issues/414,Minimum CLI command db scan,../envctl/crates/cli/**,../envctl/crates/cli/tests/**,tmpdir=$(mktemp -d); trap 'rm -rf "$tmpdir"' EXIT; mkdir "$tmpdir/envctl"; git -C ../envctl archive HEAD | tar -x -C "$tmpdir/envctl"; cargo run --manifest-path ../envctl/Cargo.toml -p envctl -- db --repo-root "$tmpdir/envctl" scan --json,stdout:req-061-cmd01-stdout;stderr:req-061-cmd01-stderr,,verified,complete,"Schema-4 detached proof binds this exact command to pinned FlexNetOS/envctl b62669c4e32c8de0407aa51ca3add94d529b50b6 and pinned loop_lib/meta_plugin_protocol dependencies; execution must pass without mutating any checkout."
REQ-061-CMD02,REQ-061,Expose envctl db roots with multi-root JSON,https://github.com/FlexNetOS/envctl/issues/414,Minimum CLI command db roots,../envctl/crates/cli/**,../envctl/crates/cli/tests/**,cargo run --manifest-path ../envctl/Cargo.toml -p envctl -- db roots --json,stdout:req-061-cmd02-stdout;stderr:req-061-cmd02-stderr,,verified,complete,"Schema-4 detached proof binds this exact command to pinned FlexNetOS/envctl b62669c4e32c8de0407aa51ca3add94d529b50b6 and pinned loop_lib/meta_plugin_protocol dependencies; execution must pass without mutating any checkout."
REQ-061-CMD03,REQ-061,Expose envctl db query with deterministic presets filters and explain,https://github.com/FlexNetOS/envctl/issues/414,Minimum CLI command db query,../envctl/crates/cli/**,../envctl/crates/cli/tests/**,cargo run --manifest-path ../envctl/Cargo.toml -p envctl -- db query --preset root-meta --json,stdout:req-061-cmd03-stdout;stderr:req-061-cmd03-stderr,,verified,complete,"Schema-4 detached proof binds this exact command to pinned FlexNetOS/envctl b62669c4e32c8de0407aa51ca3add94d529b50b6 and pinned loop_lib/meta_plugin_protocol dependencies; execution must pass without mutating any checkout."
REQ-061-CMD04,REQ-061,Expose envctl db symbols with kind name language and JSON filters,https://github.com/FlexNetOS/envctl/issues/414,Minimum CLI command db symbols,../envctl/crates/cli/**,../envctl/crates/cli/tests/**,cargo run --manifest-path ../envctl/Cargo.toml -p envctl -- db --repo-root ../envctl symbols --json,stdout:req-061-cmd04-stdout;stderr:req-061-cmd04-stderr,,verified,complete,"Schema-4 detached proof binds this exact command to pinned FlexNetOS/envctl b62669c4e32c8de0407aa51ca3add94d529b50b6 and pinned loop_lib/meta_plugin_protocol dependencies; execution must pass without mutating any checkout."
REQ-061-CMD05,REQ-061,Expose envctl db impact for symbol reference mapping,https://github.com/FlexNetOS/envctl/issues/414,Minimum CLI command db impact,../envctl/crates/cli/**,../envctl/crates/cli/tests/**,cargo run --manifest-path ../envctl/Cargo.toml -p envctl -- db impact --symbol META_ROOT --json,stdout:req-061-cmd05-stdout;stderr:req-061-cmd05-stderr,,verified,complete,"Schema-4 detached proof binds this exact command to pinned FlexNetOS/envctl b62669c4e32c8de0407aa51ca3add94d529b50b6 and pinned loop_lib/meta_plugin_protocol dependencies; execution must pass without mutating any checkout."
REQ-061-CMD06,REQ-061,Expose root-alias refactor planning render-out and guarded apply semantics,https://github.com/FlexNetOS/envctl/issues/414,Minimum CLI command db refactor root-alias,../envctl/crates/cli/**,../envctl/crates/cli/tests/**,tmpdir=$(mktemp -d); trap 'rm -rf "$tmpdir"' EXIT; cargo run --manifest-path ../envctl/Cargo.toml -p envctl -- db --repo-root ../envctl refactor --from META_ROOT --to LIFE_OS_ROOT --render-out "$tmpdir/envctl-lifeos-refactor" --json,stdout:req-061-cmd06-stdout;stderr:req-061-cmd06-stderr,,verified,complete,"Schema-4 detached proof binds this exact command to pinned FlexNetOS/envctl b62669c4e32c8de0407aa51ca3add94d529b50b6 and pinned loop_lib/meta_plugin_protocol dependencies; execution must pass without mutating any checkout."
REQ-061-CMD07,REQ-061,Expose hook deploy planning and approved apply with target-root safety,https://github.com/FlexNetOS/envctl/issues/414,Minimum CLI command db deploy hooks,../envctl/crates/cli/**,../envctl/crates/cli/tests/**,tmpdir=$(mktemp -d); trap 'rm -rf "$tmpdir"' EXIT; cargo run --manifest-path ../envctl/Cargo.toml -p envctl -- db deploy --kind hooks --target "$tmpdir/lifeos-deploy-test" --json,stdout:req-061-cmd07-stdout;stderr:req-061-cmd07-stderr,,verified,complete,"Schema-4 detached proof binds this exact command to pinned FlexNetOS/envctl b62669c4e32c8de0407aa51ca3add94d529b50b6 and pinned loop_lib/meta_plugin_protocol dependencies; execution must pass without mutating any checkout."
REQ-061-CMD08,REQ-061,Expose roots widget as stable JSON,https://github.com/FlexNetOS/envctl/issues/414,Minimum CLI command db widget roots,../envctl/crates/cli/**,../envctl/crates/cli/tests/**,cargo run --manifest-path ../envctl/Cargo.toml -p envctl -- db widget roots --json,stdout:req-061-cmd08-stdout;stderr:req-061-cmd08-stderr,,verified,complete,"Schema-4 detached proof binds this exact command to pinned FlexNetOS/envctl b62669c4e32c8de0407aa51ca3add94d529b50b6 and pinned loop_lib/meta_plugin_protocol dependencies; execution must pass without mutating any checkout."
REQ-061-CMD09,REQ-061,Expose symbol reference widget as stable JSON,https://github.com/FlexNetOS/envctl/issues/414,Minimum CLI command db widget refs,../envctl/crates/cli/**,../envctl/crates/cli/tests/**,cargo run --manifest-path ../envctl/Cargo.toml -p envctl -- db --repo-root ../envctl widget refs --json,stdout:req-061-cmd09-stdout;stderr:req-061-cmd09-stderr,,verified,complete,"Schema-4 detached proof binds this exact command to pinned FlexNetOS/envctl b62669c4e32c8de0407aa51ca3add94d529b50b6 and pinned loop_lib/meta_plugin_protocol dependencies; execution must pass without mutating any checkout."
REQ-061-CMD10,REQ-061,Expose hook widget as stable JSON,https://github.com/FlexNetOS/envctl/issues/414,Minimum CLI command db widget hooks,../envctl/crates/cli/**,../envctl/crates/cli/tests/**,cargo run --manifest-path ../envctl/Cargo.toml -p envctl -- db widget hooks --json,stdout:req-061-cmd10-stdout;stderr:req-061-cmd10-stderr,,verified,complete,"Schema-4 detached proof binds this exact command to pinned FlexNetOS/envctl b62669c4e32c8de0407aa51ca3add94d529b50b6 and pinned loop_lib/meta_plugin_protocol dependencies; execution must pass without mutating any checkout."
REQ-061-CMD11,REQ-061,Expose watch or equivalent tested incremental invalidation without making core depend on it,https://github.com/FlexNetOS/envctl/issues/414,Minimum CLI command db watch,../envctl/crates/cli/**,../envctl/crates/cli/tests/**,tmpdir=$(mktemp -d); trap 'rm -rf "$tmpdir"' EXIT; mkdir "$tmpdir/envctl"; git -C ../envctl archive HEAD | tar -x -C "$tmpdir/envctl"; cargo run --manifest-path ../envctl/Cargo.toml -p envctl -- db --repo-root "$tmpdir/envctl" scan --json && cargo run --manifest-path ../envctl/Cargo.toml -p envctl -- db --repo-root "$tmpdir/envctl" watch --json,stdout:req-061-cmd11-stdout;stderr:req-061-cmd11-stderr,,verified,complete,"Schema-4 detached proof binds this exact command to pinned FlexNetOS/envctl b62669c4e32c8de0407aa51ca3add94d529b50b6 and pinned loop_lib/meta_plugin_protocol dependencies; execution must pass without mutating any checkout."
REQ-061-AC01,REQ-061,Index current repository and control-plane files into stable DB or catalog rows,https://github.com/FlexNetOS/envctl/issues/414,Acceptance criterion 1,../envctl/crates/cli/**,../envctl/crates/cli/tests/**,tmpdir=$(mktemp -d); trap 'rm -rf "$tmpdir"' EXIT; mkdir "$tmpdir/envctl"; git -C ../envctl archive HEAD | tar -x -C "$tmpdir/envctl"; cargo run --manifest-path ../envctl/Cargo.toml -p envctl -- db --repo-root "$tmpdir/envctl" scan --json,stdout:req-061-ac01-stdout;stderr:req-061-ac01-stderr,,verified,complete,"Schema-4 detached proof binds this exact command to pinned FlexNetOS/envctl b62669c4e32c8de0407aa51ca3add94d529b50b6 and pinned loop_lib/meta_plugin_protocol dependencies; execution must pass without mutating any checkout."
REQ-061-AC02,REQ-061,Query META_ROOT references and root aliases in JSON,https://github.com/FlexNetOS/envctl/issues/414,Acceptance criterion 2,../envctl/crates/cli/**,../envctl/crates/cli/tests/**,cargo run --manifest-path ../envctl/Cargo.toml -p envctl -- db query --preset root-meta --json,stdout:req-061-ac02-stdout;stderr:req-061-ac02-stderr,,verified,complete,"Schema-4 detached proof binds this exact command to pinned FlexNetOS/envctl b62669c4e32c8de0407aa51ca3add94d529b50b6 and pinned loop_lib/meta_plugin_protocol dependencies; execution must pass without mutating any checkout."
REQ-061-AC03,REQ-061,Distinguish current root references from LifeOS release target projections,https://github.com/FlexNetOS/envctl/issues/414,Acceptance criterion 3,../envctl/crates/cli/**,../envctl/crates/cli/tests/**,cargo run --manifest-path ../envctl/Cargo.toml -p envctl -- db roots --json,stdout:req-061-ac03-stdout;stderr:req-061-ac03-stderr,,verified,complete,"Schema-4 detached proof binds this exact command to pinned FlexNetOS/envctl b62669c4e32c8de0407aa51ca3add94d529b50b6 and pinned loop_lib/meta_plugin_protocol dependencies; execution must pass without mutating any checkout."
REQ-061-AC04,REQ-061,Produce a safe root-alias refactor plan from META_ROOT to LIFE_OS_ROOT,https://github.com/FlexNetOS/envctl/issues/414,Acceptance criterion 4,../envctl/crates/cli/**,../envctl/crates/cli/tests/**,cargo run --manifest-path ../envctl/Cargo.toml -p envctl -- db --repo-root ../envctl refactor --from META_ROOT --to LIFE_OS_ROOT --json,stdout:req-061-ac04-stdout;stderr:req-061-ac04-stderr,,verified,complete,"Schema-4 detached proof binds this exact command to pinned FlexNetOS/envctl b62669c4e32c8de0407aa51ca3add94d529b50b6 and pinned loop_lib/meta_plugin_protocol dependencies; execution must pass without mutating any checkout."
REQ-061-AC05,REQ-061,Render the refactor plan out of repo without mutating source,https://github.com/FlexNetOS/envctl/issues/414,Acceptance criterion 5,../envctl/crates/cli/**,../envctl/crates/cli/tests/**,tmpdir=$(mktemp -d); trap 'rm -rf "$tmpdir"' EXIT; cargo run --manifest-path ../envctl/Cargo.toml -p envctl -- db --repo-root ../envctl refactor --from META_ROOT --to LIFE_OS_ROOT --render-out "$tmpdir/envctl-lifeos-refactor" --json,stdout:req-061-ac05-stdout;stderr:req-061-ac05-stderr,,verified,complete,"Schema-4 detached proof binds this exact command to pinned FlexNetOS/envctl b62669c4e32c8de0407aa51ca3add94d529b50b6 and pinned loop_lib/meta_plugin_protocol dependencies; execution must pass without mutating any checkout."
REQ-061-AC06,REQ-061,Implement and test guarded apply for owned files or machine-readable refusal when unsafe,https://github.com/FlexNetOS/envctl/issues/414,Acceptance criterion 6,../envctl/crates/engine/**,../envctl/crates/engine/tests/**,cargo test --manifest-path ../envctl/Cargo.toml -p envctl-engine,stdout:req-061-ac06-stdout;stderr:req-061-ac06-stderr,,verified,complete,"Schema-4 detached proof binds this exact command to pinned FlexNetOS/envctl b62669c4e32c8de0407aa51ca3add94d529b50b6 and pinned loop_lib/meta_plugin_protocol dependencies; execution must pass without mutating any checkout."
REQ-061-AC07,REQ-061,Discover scattered Codex hooks and wrappers by filename and content,https://github.com/FlexNetOS/envctl/issues/414,Acceptance criterion 7,../envctl/crates/engine/**,../envctl/crates/engine/tests/**,cargo test --manifest-path ../envctl/Cargo.toml -p envctl-engine,stdout:req-061-ac07-stdout;stderr:req-061-ac07-stderr,,verified,complete,"Schema-4 detached proof binds this exact command to pinned FlexNetOS/envctl b62669c4e32c8de0407aa51ca3add94d529b50b6 and pinned loop_lib/meta_plugin_protocol dependencies; execution must pass without mutating any checkout."
REQ-061-AC08,REQ-061,Plan hook deployment by target root and refuse clobber or running-process disturbance,https://github.com/FlexNetOS/envctl/issues/414,Acceptance criterion 8,../envctl/crates/engine/**,../envctl/crates/engine/tests/**,cargo test --manifest-path ../envctl/Cargo.toml -p envctl-engine,stdout:req-061-ac08-stdout;stderr:req-061-ac08-stderr,,verified,complete,"Schema-4 detached proof binds this exact command to pinned FlexNetOS/envctl b62669c4e32c8de0407aa51ca3add94d529b50b6 and pinned loop_lib/meta_plugin_protocol dependencies; execution must pass without mutating any checkout."
REQ-061-AC09,REQ-061,Wire agent CLI tools as managed components with detect install and verify paths,https://github.com/FlexNetOS/envctl/issues/414,Acceptance criterion 9,../envctl/crates/engine/**,../envctl/crates/engine/tests/**,cargo test --manifest-path ../envctl/Cargo.toml --workspace,stdout:req-061-ac09-stdout;stderr:req-061-ac09-stderr,,verified,complete,"Schema-4 detached proof binds this exact command to pinned FlexNetOS/envctl b62669c4e32c8de0407aa51ca3add94d529b50b6 and pinned loop_lib/meta_plugin_protocol dependencies; execution must pass without mutating any checkout."
REQ-061-AC10,REQ-061,Provide agent widgets at least as stable JSON commands,https://github.com/FlexNetOS/envctl/issues/414,Acceptance criterion 10,../envctl/crates/cli/**,../envctl/crates/cli/tests/**,cargo test --manifest-path ../envctl/Cargo.toml -p envctl,stdout:req-061-ac10-stdout;stderr:req-061-ac10-stderr,,verified,complete,"Schema-4 detached proof binds this exact command to pinned FlexNetOS/envctl b62669c4e32c8de0407aa51ca3add94d529b50b6 and pinned loop_lib/meta_plugin_protocol dependencies; execution must pass without mutating any checkout."
REQ-061-AC11,REQ-061,Remove Meta-only product identity from README docs and CLI help,https://github.com/FlexNetOS/envctl/issues/414,Acceptance criterion 11,../envctl/crates/cli/**,../envctl/crates/cli/tests/**,cargo test --manifest-path ../envctl/Cargo.toml -p envctl,stdout:req-061-ac11-stdout;stderr:req-061-ac11-stderr,,verified,complete,"Schema-4 detached proof binds this exact command to pinned FlexNetOS/envctl b62669c4e32c8de0407aa51ca3add94d529b50b6 and pinned loop_lib/meta_plugin_protocol dependencies; execution must pass without mutating any checkout."
REQ-061-AC12,REQ-061,Build all new code and pass real tests,https://github.com/FlexNetOS/envctl/issues/414,Acceptance criterion 12,../envctl/crates/engine/**,../envctl/crates/engine/tests/**,cargo test --manifest-path ../envctl/Cargo.toml --workspace,stdout:req-061-ac12-stdout;stderr:req-061-ac12-stderr,,verified,complete,"Schema-4 detached proof binds this exact command to pinned FlexNetOS/envctl b62669c4e32c8de0407aa51ca3add94d529b50b6 and pinned loop_lib/meta_plugin_protocol dependencies; execution must pass without mutating any checkout."
REQ-061-MISS01,REQ-061,Treat root aliasing as semantic migration rather than text replacement,https://github.com/FlexNetOS/envctl/issues/414,Easy-to-miss item 1,../envctl/crates/engine/**,../envctl/crates/engine/tests/**,cargo test --manifest-path ../envctl/Cargo.toml -p envctl-engine,stdout:req-061-miss01-stdout;stderr:req-061-miss01-stderr,,verified,complete,"Schema-4 detached proof binds this exact command to pinned FlexNetOS/envctl b62669c4e32c8de0407aa51ca3add94d529b50b6 and pinned loop_lib/meta_plugin_protocol dependencies; execution must pass without mutating any checkout."
REQ-061-MISS02,REQ-061,Keep META_ROOT as current state while release projections use LIFE_OS_ROOT,https://github.com/FlexNetOS/envctl/issues/414,Easy-to-miss item 2,../envctl/crates/engine/**,../envctl/crates/engine/tests/**,cargo test --manifest-path ../envctl/Cargo.toml -p envctl-engine,stdout:req-061-miss02-stdout;stderr:req-061-miss02-stderr,,verified,complete,"Schema-4 detached proof binds this exact command to pinned FlexNetOS/envctl b62669c4e32c8de0407aa51ca3add94d529b50b6 and pinned loop_lib/meta_plugin_protocol dependencies; execution must pass without mutating any checkout."
REQ-061-MISS03,REQ-061,Carry target profile through rows plans render output and deployment,https://github.com/FlexNetOS/envctl/issues/414,Easy-to-miss item 3,../envctl/crates/engine/**,../envctl/crates/engine/tests/**,cargo test --manifest-path ../envctl/Cargo.toml -p envctl-engine,stdout:req-061-miss03-stdout;stderr:req-061-miss03-stderr,,verified,complete,"Schema-4 detached proof binds this exact command to pinned FlexNetOS/envctl b62669c4e32c8de0407aa51ca3add94d529b50b6 and pinned loop_lib/meta_plugin_protocol dependencies; execution must pass without mutating any checkout."
REQ-061-MISS04,REQ-061,Store provenance and mutable policy per file symbol and occurrence,https://github.com/FlexNetOS/envctl/issues/414,Easy-to-miss item 4,../envctl/crates/engine/**,../envctl/crates/engine/tests/**,cargo test --manifest-path ../envctl/Cargo.toml -p envctl-engine,stdout:req-061-miss04-stdout;stderr:req-061-miss04-stderr,,verified,complete,"Schema-4 detached proof binds this exact command to pinned FlexNetOS/envctl b62669c4e32c8de0407aa51ca3add94d529b50b6 and pinned loop_lib/meta_plugin_protocol dependencies; execution must pass without mutating any checkout."
REQ-061-MISS05,REQ-061,Refuse prose comment and test edits unless classification proves safety,https://github.com/FlexNetOS/envctl/issues/414,Easy-to-miss item 5,../envctl/crates/engine/**,../envctl/crates/engine/tests/**,cargo test --manifest-path ../envctl/Cargo.toml -p envctl-engine,stdout:req-061-miss05-stdout;stderr:req-061-miss05-stderr,,verified,complete,"Schema-4 detached proof binds this exact command to pinned FlexNetOS/envctl b62669c4e32c8de0407aa51ca3add94d529b50b6 and pinned loop_lib/meta_plugin_protocol dependencies; execution must pass without mutating any checkout."
REQ-061-MISS06,REQ-061,Preserve TOML formatting comments and order with toml_edit,https://github.com/FlexNetOS/envctl/issues/414,Easy-to-miss item 6,../envctl/crates/engine/**,../envctl/crates/engine/tests/**,cargo test --manifest-path ../envctl/Cargo.toml -p envctl-engine,stdout:req-061-miss06-stdout;stderr:req-061-miss06-stderr,,verified,complete,"Schema-4 detached proof binds this exact command to pinned FlexNetOS/envctl b62669c4e32c8de0407aa51ca3add94d529b50b6 and pinned loop_lib/meta_plugin_protocol dependencies; execution must pass without mutating any checkout."
REQ-061-MISS07,REQ-061,Use atomic write and rollback primitives for every mutation,https://github.com/FlexNetOS/envctl/issues/414,Easy-to-miss item 7,../envctl/crates/engine/**,../envctl/crates/engine/tests/**,cargo test --manifest-path ../envctl/Cargo.toml -p envctl-engine,stdout:req-061-miss07-stdout;stderr:req-061-miss07-stderr,,verified,complete,"Schema-4 detached proof binds this exact command to pinned FlexNetOS/envctl b62669c4e32c8de0407aa51ca3add94d529b50b6 and pinned loop_lib/meta_plugin_protocol dependencies; execution must pass without mutating any checkout."
REQ-061-MISS08,REQ-061,Detect running processes before hook or wrapper promotion,https://github.com/FlexNetOS/envctl/issues/414,Easy-to-miss item 8,../envctl/crates/engine/**,../envctl/crates/engine/tests/**,cargo test --manifest-path ../envctl/Cargo.toml -p envctl-engine,stdout:req-061-miss08-stdout;stderr:req-061-miss08-stderr,,verified,complete,"Schema-4 detached proof binds this exact command to pinned FlexNetOS/envctl b62669c4e32c8de0407aa51ca3add94d529b50b6 and pinned loop_lib/meta_plugin_protocol dependencies; execution must pass without mutating any checkout."
REQ-061-MISS09,REQ-061,Keep C and FFI-heavy parsers out of core unless all gates pass,https://github.com/FlexNetOS/envctl/issues/414,Easy-to-miss item 9,../envctl/ci/gates/no-c.sh;../envctl/crates/engine/**,../envctl/ci/gates/no-c.sh,cd ../envctl && bash ci/gates/no-c.sh,stdout:req-061-miss09-stdout;stderr:req-061-miss09-stderr,,verified,complete,"Schema-4 detached proof binds this exact command to pinned FlexNetOS/envctl b62669c4e32c8de0407aa51ca3add94d529b50b6 and pinned loop_lib/meta_plugin_protocol dependencies; execution must pass without mutating any checkout."
REQ-061-MISS10,REQ-061,Keep external tools as helpers and engine safety as source of truth,https://github.com/FlexNetOS/envctl/issues/414,Easy-to-miss item 10,../envctl/crates/engine/**,../envctl/crates/engine/tests/**,cargo test --manifest-path ../envctl/Cargo.toml -p envctl-engine,stdout:req-061-miss10-stdout;stderr:req-061-miss10-stderr,,verified,complete,"Schema-4 detached proof binds this exact command to pinned FlexNetOS/envctl b62669c4e32c8de0407aa51ca3add94d529b50b6 and pinned loop_lib/meta_plugin_protocol dependencies; execution must pass without mutating any checkout."
REQ-061-MISS11,REQ-061,Implement DB and query APIs in the engine rather than CLI sugar,https://github.com/FlexNetOS/envctl/issues/414,Easy-to-miss item 11,../envctl/crates/engine/**,../envctl/crates/engine/tests/**,cargo test --manifest-path ../envctl/Cargo.toml --workspace,stdout:req-061-miss11-stdout;stderr:req-061-miss11-stderr,,verified,complete,"Schema-4 detached proof binds this exact command to pinned FlexNetOS/envctl b62669c4e32c8de0407aa51ca3add94d529b50b6 and pinned loop_lib/meta_plugin_protocol dependencies; execution must pass without mutating any checkout."
REQ-061-MISS12,REQ-061,Keep JSON schemas deterministic and expose verifier status for agents,https://github.com/FlexNetOS/envctl/issues/414,Easy-to-miss item 12,../envctl/crates/engine/**,../envctl/crates/engine/tests/**,cargo test --manifest-path ../envctl/Cargo.toml --workspace,stdout:req-061-miss12-stdout;stderr:req-061-miss12-stderr,,verified,complete,"Schema-4 detached proof binds this exact command to pinned FlexNetOS/envctl b62669c4e32c8de0407aa51ca3add94d529b50b6 and pinned loop_lib/meta_plugin_protocol dependencies; execution must pass without mutating any checkout."
REQ-061-MISS13,REQ-061,Integrate DB automation with catalog migrate graph doctor dashboard and GUI seams,https://github.com/FlexNetOS/envctl/issues/414,Easy-to-miss item 13,../envctl/crates/engine/**,../envctl/crates/engine/tests/**,cargo test --manifest-path ../envctl/Cargo.toml --workspace,stdout:req-061-miss13-stdout;stderr:req-061-miss13-stderr,,verified,complete,"Schema-4 detached proof binds this exact command to pinned FlexNetOS/envctl b62669c4e32c8de0407aa51ca3add94d529b50b6 and pinned loop_lib/meta_plugin_protocol dependencies; execution must pass without mutating any checkout."
